<metadata xml:lang="en"><Esri><CreaDate>20220822</CreaDate><CreaTime>13183600</CreaTime><ArcGISFormat>1.0</ArcGISFormat><SyncOnce>FALSE</SyncOnce><DataProperties><lineage><Process ToolSource="c:\program files\arcgis\pro\Resources\ArcToolbox\toolboxes\Data Management Tools.tbx\CreateFeatureclass" Date="20220822" Time="131836" Name="" export="">CreateFeatureclass M:\Data\Geodatabases\GE_2023.gdb MB_EM_py2022NOSC_VAs_draft Polygon # No No "PROJCS["NAD_1983_UTM_Zone_14N",GEOGCS["GCS_North_American_1983",DATUM["D_North_American_1983",SPHEROID["GRS_1980",6378137.0,298.257222101]],PRIMEM["Greenwich",0.0],UNIT["Degree",0.0174532925199433]],PROJECTION["Transverse_Mercator"],PARAMETER["False_Easting",500000.0],PARAMETER["False_Northing",0.0],PARAMETER["Central_Meridian",-99.0],PARAMETER["Scale_Factor",0.9996],PARAMETER["Latitude_Of_Origin",0.0],UNIT["Meter",1.0]];-5120900 -9998100 10000;-100000 10000;-100000 10000;0.001;0.001;0.001;IsHighPrecision" # # # # #</Process><Process ToolSource="c:\program files\arcgis\pro\Resources\ArcToolbox\toolboxes\Data Management Tools.tbx\UpdateSchema" Date="20220822" Time="131839" Name="" export="">UpdateSchema M:\Data\Geodatabases\GE_2023.gdb\MB_EM_py2022NOSC_VAs_draft &lt;operationSequence&gt;&lt;workflow&gt;&lt;AddField&gt;&lt;field_name&gt;EDNUM&lt;/field_name&gt;&lt;field_type&gt;Long&lt;/field_type&gt;&lt;field_alias&gt;EDNUM&lt;/field_alias&gt;&lt;field_is_nullable&gt;FALSE&lt;/field_is_nullable&gt;&lt;field_length&gt;4&lt;/field_length&gt;&lt;/AddField&gt;&lt;/workflow&gt;&lt;workflow&gt;&lt;AddField&gt;&lt;field_name&gt;EDNAMEEN&lt;/field_name&gt;&lt;field_type&gt;TEXT&lt;/field_type&gt;&lt;field_alias&gt;EDNAMEEN&lt;/field_alias&gt;&lt;field_is_nullable&gt;FALSE&lt;/field_is_nullable&gt;&lt;field_length&gt;50&lt;/field_length&gt;&lt;/AddField&gt;&lt;/workflow&gt;&lt;workflow&gt;&lt;AddField&gt;&lt;field_name&gt;EDNAMEFR&lt;/field_name&gt;&lt;field_type&gt;TEXT&lt;/field_type&gt;&lt;field_alias&gt;EDNAMEFR&lt;/field_alias&gt;&lt;field_is_nullable&gt;FALSE&lt;/field_is_nullable&gt;&lt;field_length&gt;50&lt;/field_length&gt;&lt;/AddField&gt;&lt;/workflow&gt;&lt;workflow&gt;&lt;AddField&gt;&lt;field_name&gt;Inset&lt;/field_name&gt;&lt;field_type&gt;Long&lt;/field_type&gt;&lt;field_alias&gt;Inset&lt;/field_alias&gt;&lt;field_is_nullable&gt;FALSE&lt;/field_is_nullable&gt;&lt;field_length&gt;4&lt;/field_length&gt;&lt;/AddField&gt;&lt;/workflow&gt;&lt;workflow&gt;&lt;AddField&gt;&lt;field_name&gt;VANUM&lt;/field_name&gt;&lt;field_type&gt;Long&lt;/field_type&gt;&lt;field_alias&gt;VANUM&lt;/field_alias&gt;&lt;field_is_nullable&gt;FALSE&lt;/field_is_nullable&gt;&lt;field_length&gt;4&lt;/field_length&gt;&lt;/AddField&gt;&lt;/workflow&gt;&lt;workflow&gt;&lt;AddField&gt;&lt;field_name&gt;VALABEL&lt;/field_name&gt;&lt;field_type&gt;TEXT&lt;/field_type&gt;&lt;field_alias&gt;VALABEL&lt;/field_alias&gt;&lt;field_is_nullable&gt;FALSE&lt;/field_is_nullable&gt;&lt;field_length&gt;50&lt;/field_length&gt;&lt;/AddField&gt;&lt;/workflow&gt;&lt;workflow&gt;&lt;AddField&gt;&lt;field_name&gt;VPNAME&lt;/field_name&gt;&lt;field_type&gt;TEXT&lt;/field_type&gt;&lt;field_alias&gt;VPNAME&lt;/field_alias&gt;&lt;field_is_nullable&gt;FALSE&lt;/field_is_nullable&gt;&lt;field_length&gt;50&lt;/field_length&gt;&lt;/AddField&gt;&lt;/workflow&gt;&lt;workflow&gt;&lt;AddField&gt;&lt;field_name&gt;VPID&lt;/field_name&gt;&lt;field_type&gt;Long&lt;/field_type&gt;&lt;field_alias&gt;VPID&lt;/field_alias&gt;&lt;field_is_nullable&gt;FALSE&lt;/field_is_nullable&gt;&lt;field_length&gt;4&lt;/field_length&gt;&lt;/AddField&gt;&lt;/workflow&gt;&lt;workflow&gt;&lt;AddField&gt;&lt;field_name&gt;VPADDR&lt;/field_name&gt;&lt;field_type&gt;TEXT&lt;/field_type&gt;&lt;field_alias&gt;VPADDR&lt;/field_alias&gt;&lt;field_is_nullable&gt;FALSE&lt;/field_is_nullable&gt;&lt;field_length&gt;50&lt;/field_length&gt;&lt;/AddField&gt;&lt;/workflow&gt;&lt;workflow&gt;&lt;AddField&gt;&lt;field_name&gt;VOTERS&lt;/field_name&gt;&lt;field_type&gt;Long&lt;/field_type&gt;&lt;field_alias&gt;VOTERS&lt;/field_alias&gt;&lt;field_is_nullable&gt;FALSE&lt;/field_is_nullable&gt;&lt;field_length&gt;4&lt;/field_length&gt;&lt;/AddField&gt;&lt;/workflow&gt;&lt;workflow&gt;&lt;AddField&gt;&lt;field_name&gt;DWELLCT&lt;/field_name&gt;&lt;field_type&gt;Long&lt;/field_type&gt;&lt;field_alias&gt;DWELLCT&lt;/field_alias&gt;&lt;field_is_nullable&gt;FALSE&lt;/field_is_nullable&gt;&lt;field_length&gt;4&lt;/field_length&gt;&lt;/AddField&gt;&lt;/workflow&gt;&lt;/operationSequence&gt;</Process><Process ToolSource="c:\program files\arcgis\pro\Resources\ArcToolbox\toolboxes\Data Management Tools.tbx\UpdateSchema" Date="20220822" Time="131842" Name="" export="">UpdateSchema M:\Data\Geodatabases\GE_2023.gdb\MB_EM_py2022NOSC_VAs_draft &lt;operationSequence&gt;&lt;workflow&gt;&lt;AlterField&gt;&lt;field_name&gt;OBJECTID&lt;/field_name&gt;&lt;field_alias&gt;OBJECTID&lt;/field_alias&gt;&lt;/AlterField&gt;&lt;/workflow&gt;&lt;workflow&gt;&lt;AlterField&gt;&lt;field_name&gt;SHAPE&lt;/field_name&gt;&lt;field_alias&gt;SHAPE&lt;/field_alias&gt;&lt;/AlterField&gt;&lt;/workflow&gt;&lt;/operationSequence&gt;</Process><Process ToolSource="c:\program files\arcgis\pro\Resources\ArcToolbox\toolboxes\Data Management Tools.tbx\Append" Date="20220822" Time="131919" Name="" export="">Append VotingAreas_new_2023GE_Working M:\Data\Geodatabases\GE_2023.gdb\MB_EM_py2022NOSC_VAs_draft "Use the field map to reconcile field differences" "EDNUM "EDNUM" true false false 4 Long 0 0,First,#,M:\Data\Topography\Working\Andrew\GE2023_GISDataPrep\Default.gdb\VotingAreas_new_2023GE_Working,EDNUM,-1,-1;EDNAMEEN "EDNAMEEN" true false false 50 Text 0 0,First,#,M:\Data\Topography\Working\Andrew\GE2023_GISDataPrep\Default.gdb\VotingAreas_new_2023GE_Working,EDNAMEEN,0,50;EDNAMEFR "EDNAMEFR" true false false 50 Text 0 0,First,#,M:\Data\Topography\Working\Andrew\GE2023_GISDataPrep\Default.gdb\VotingAreas_new_2023GE_Working,EDNAMEFR,0,50;Inset "Inset" true false false 4 Long 0 0,First,#,M:\Data\Topography\Working\Andrew\GE2023_GISDataPrep\Default.gdb\VotingAreas_new_2023GE_Working,Inset,-1,-1;VANUM "VANUM" true false false 4 Long 0 0,First,#,M:\Data\Topography\Working\Andrew\GE2023_GISDataPrep\Default.gdb\VotingAreas_new_2023GE_Working,VANUM,-1,-1;VALABEL "VALABEL" true false false 50 Text 0 0,First,#,M:\Data\Topography\Working\Andrew\GE2023_GISDataPrep\Default.gdb\VotingAreas_new_2023GE_Working,VALABEL,0,50;VPNAME "VPNAME" true false false 50 Text 0 0,First,#,M:\Data\Topography\Working\Andrew\GE2023_GISDataPrep\Default.gdb\VotingAreas_new_2023GE_Working,VPNAME,0,50;VPID "VPID" true false false 4 Long 0 0,First,#,M:\Data\Topography\Working\Andrew\GE2023_GISDataPrep\Default.gdb\VotingAreas_new_2023GE_Working,VPID,-1,-1;VPADDR "VPADDR" true false false 50 Text 0 0,First,#,M:\Data\Topography\Working\Andrew\GE2023_GISDataPrep\Default.gdb\VotingAreas_new_2023GE_Working,VPADDR,0,50;VOTERS "VOTERS" true false false 4 Long 0 0,First,#,M:\Data\Topography\Working\Andrew\GE2023_GISDataPrep\Default.gdb\VotingAreas_new_2023GE_Working,VOTERS,-1,-1;DWELLCT "DWELLCT" true false false 4 Long 0 0,First,#,M:\Data\Topography\Working\Andrew\GE2023_GISDataPrep\Default.gdb\VotingAreas_new_2023GE_Working,DWELLCT,-1,-1" # #</Process><Process ToolSource="c:\program files\arcgis\pro\Resources\ArcToolbox\toolboxes\Data Management Tools.tbx\CalculateField" Date="20220823" Time="155249">CalculateField "InsideED\Voting Area  /  Section de vote" VANUM "!VANUM! + 1" "Python 3" # Text NO_ENFORCE_DOMAINS</Process><Process ToolSource="c:\program files\arcgis\pro\Resources\ArcToolbox\toolboxes\Data Management Tools.tbx\CalculateField" Date="20220823" Time="155303">CalculateField "InsideED\Voting Area  /  Section de vote" VALABEL !VANUM! "Python 3" # Text NO_ENFORCE_DOMAINS</Process><Process ToolSource="c:\program files\arcgis\pro\Resources\ArcToolbox\toolboxes\Data Management Tools.tbx\CalculateField" Date="20220823" Time="155709">CalculateField "InsideED\Voting Area  /  Section de vote" VANUM "!VANUM! + 1" "Python 3" # Text NO_ENFORCE_DOMAINS</Process><Process ToolSource="c:\program files\arcgis\pro\Resources\ArcToolbox\toolboxes\Data Management Tools.tbx\CalculateField" Date="20220823" Time="155721">CalculateField "InsideED\Voting Area  /  Section de vote" VALABEL !VANUM! "Python 3" # Text NO_ENFORCE_DOMAINS</Process><Process ToolSource="c:\program files\arcgis\pro\Resources\ArcToolbox\toolboxes\Data Management Tools.tbx\CalculateField" Date="20220823" Time="155818">CalculateField "InsideED\Voting Area  /  Section de vote" VANUM "!VANUM! + 1" "Python 3" # Text NO_ENFORCE_DOMAINS</Process><Process ToolSource="c:\program files\arcgis\pro\Resources\ArcToolbox\toolboxes\Data Management Tools.tbx\CalculateField" Date="20220823" Time="155832">CalculateField "InsideED\Voting Area  /  Section de vote" VALABEL "!VANUM! + 1" "Python 3" # Text NO_ENFORCE_DOMAINS</Process><Process ToolSource="c:\program files\arcgis\pro\Resources\ArcToolbox\toolboxes\Data Management Tools.tbx\CalculateField" Date="20220823" Time="155842">CalculateField "InsideED\Voting Area  /  Section de vote" VALABEL !VANUM! "Python 3" # Text NO_ENFORCE_DOMAINS</Process><Process ToolSource="c:\program files\arcgis\pro\Resources\ArcToolbox\toolboxes\Data Management Tools.tbx\CalculateField" Date="20220823" Time="155921">CalculateField "InsideED\Voting Area  /  Section de vote" VANUM "!VANUM! - 1" "Python 3" # Text NO_ENFORCE_DOMAINS</Process><Process ToolSource="c:\program files\arcgis\pro\Resources\ArcToolbox\toolboxes\Data Management Tools.tbx\CalculateField" Date="20220823" Time="155931">CalculateField "InsideED\Voting Area  /  Section de vote" VALABEL !VANUM! "Python 3" # Text NO_ENFORCE_DOMAINS</Process><Process ToolSource="c:\program files\arcgis\pro\Resources\ArcToolbox\toolboxes\Data Management Tools.tbx\Append" Date="20220907" Time="143015">Append VotingAreas_Rural_2023GE_Working M:\Data\Geodatabases\GE_2023.gdb\MB_EM_py2022NOSC_VAs_draft "Use the field map to reconcile field differences" "EDNUM "EDNUM" true false false 4 Long 0 0,First,#,M:\Data\Topography\Working\Andrew\GE2023_GISDataPrep\Default.gdb\VotingAreas_Rural_2023GE_Working,EDNUM,-1,-1;EDNAMEEN "EDNAMEEN" true false false 50 Text 0 0,First,#,M:\Data\Topography\Working\Andrew\GE2023_GISDataPrep\Default.gdb\VotingAreas_Rural_2023GE_Working,EDNAMEEN,0,50;EDNAMEFR "EDNAMEFR" true false false 50 Text 0 0,First,#,M:\Data\Topography\Working\Andrew\GE2023_GISDataPrep\Default.gdb\VotingAreas_Rural_2023GE_Working,EDNAMEFR,0,50;Inset "Inset" true false false 4 Long 0 0,First,#,M:\Data\Topography\Working\Andrew\GE2023_GISDataPrep\Default.gdb\VotingAreas_Rural_2023GE_Working,Inset,-1,-1;VANUM "VANUM" true false false 4 Long 0 0,First,#,M:\Data\Topography\Working\Andrew\GE2023_GISDataPrep\Default.gdb\VotingAreas_Rural_2023GE_Working,VANUM,-1,-1;VALABEL "VALABEL" true false false 50 Text 0 0,First,#,M:\Data\Topography\Working\Andrew\GE2023_GISDataPrep\Default.gdb\VotingAreas_Rural_2023GE_Working,VALABEL,0,50;VPNAME "VPNAME" true false false 50 Text 0 0,First,#,M:\Data\Topography\Working\Andrew\GE2023_GISDataPrep\Default.gdb\VotingAreas_Rural_2023GE_Working,VPNAME,0,50;VPID "VPID" true false false 4 Long 0 0,First,#,M:\Data\Topography\Working\Andrew\GE2023_GISDataPrep\Default.gdb\VotingAreas_Rural_2023GE_Working,VPID,-1,-1;VPADDR "VPADDR" true false false 50 Text 0 0,First,#,M:\Data\Topography\Working\Andrew\GE2023_GISDataPrep\Default.gdb\VotingAreas_Rural_2023GE_Working,VPADDR,0,50;VOTERS "VOTERS" true false false 4 Long 0 0,First,#,M:\Data\Topography\Working\Andrew\GE2023_GISDataPrep\Default.gdb\VotingAreas_Rural_2023GE_Working,VOTERS,-1,-1;DWELLCT "DWELLCT" true false false 4 Long 0 0,First,#,M:\Data\Topography\Working\Andrew\GE2023_GISDataPrep\Default.gdb\VotingAreas_Rural_2023GE_Working,DWELLCT,-1,-1" # #</Process><Process ToolSource="c:\program files\arcgis\pro\Resources\ArcToolbox\toolboxes\Data Management Tools.tbx\Append" Date="20220907" Time="143642">Append VotingAreas_Rural_2023GE_Working M:\Data\Geodatabases\GE_2023.gdb\MB_EM_py2022NOSC_VAs_draft "Use the field map to reconcile field differences" "EDNUM "EDNUM" true false false 4 Long 0 0,First,#,M:\Data\Topography\Working\Andrew\GE2023_GISDataPrep\Default.gdb\VotingAreas_Rural_2023GE_Working,EDNUM,-1,-1;EDNAMEEN "EDNAMEEN" true false false 50 Text 0 0,First,#,M:\Data\Topography\Working\Andrew\GE2023_GISDataPrep\Default.gdb\VotingAreas_Rural_2023GE_Working,EDNAMEEN,0,50;EDNAMEFR "EDNAMEFR" true false false 50 Text 0 0,First,#,M:\Data\Topography\Working\Andrew\GE2023_GISDataPrep\Default.gdb\VotingAreas_Rural_2023GE_Working,EDNAMEFR,0,50;Inset "Inset" true false false 4 Long 0 0,First,#,M:\Data\Topography\Working\Andrew\GE2023_GISDataPrep\Default.gdb\VotingAreas_Rural_2023GE_Working,Inset,-1,-1;VANUM "VANUM" true false false 4 Long 0 0,First,#,M:\Data\Topography\Working\Andrew\GE2023_GISDataPrep\Default.gdb\VotingAreas_Rural_2023GE_Working,VANUM,-1,-1;VALABEL "VALABEL" true false false 50 Text 0 0,First,#,M:\Data\Topography\Working\Andrew\GE2023_GISDataPrep\Default.gdb\VotingAreas_Rural_2023GE_Working,VALABEL,0,50;VPNAME "VPNAME" true false false 50 Text 0 0,First,#,M:\Data\Topography\Working\Andrew\GE2023_GISDataPrep\Default.gdb\VotingAreas_Rural_2023GE_Working,VPNAME,0,50;VPID "VPID" true false false 4 Long 0 0,First,#,M:\Data\Topography\Working\Andrew\GE2023_GISDataPrep\Default.gdb\VotingAreas_Rural_2023GE_Working,VPID,-1,-1;VPADDR "VPADDR" true false false 50 Text 0 0,First,#,M:\Data\Topography\Working\Andrew\GE2023_GISDataPrep\Default.gdb\VotingAreas_Rural_2023GE_Working,VPADDR,0,50;VOTERS "VOTERS" true false false 4 Long 0 0,First,#,M:\Data\Topography\Working\Andrew\GE2023_GISDataPrep\Default.gdb\VotingAreas_Rural_2023GE_Working,VOTERS,-1,-1;DWELLCT "DWELLCT" true false false 4 Long 0 0,First,#,M:\Data\Topography\Working\Andrew\GE2023_GISDataPrep\Default.gdb\VotingAreas_Rural_2023GE_Working,DWELLCT,-1,-1" # "EDNAMEEN IN ('Flin Flon', 'The Pas-Kameesak', 'Keewatinook', 'Thompson')"</Process><Process ToolSource="c:\program files\arcgis\pro\Resources\ArcToolbox\toolboxes\Data Management Tools.tbx\Append" Date="20220907" Time="144409">Append VotingAreas_Rural_2023GE_Working M:\Data\Geodatabases\GE_2023.gdb\MB_EM_py2022NOSC_VAs_draft "Input fields must match target fields" # # #</Process><Process ToolSource="c:\program files\arcgis\pro\Resources\ArcToolbox\toolboxes\Data Management Tools.tbx\Append" Date="20220907" Time="145509">Append VotingAreas_Rural_2023GE_Working M:\Data\Geodatabases\GE_2023.gdb\MB_EM_py2022NOSC_VAs_draft "Input fields must match target fields" # # #</Process><Process ToolSource="c:\program files\arcgis\pro\Resources\ArcToolbox\toolboxes\Data Management Tools.tbx\Append" Date="20220907" Time="145945">Append VotingAreas_Rural_2023GE_Working M:\Data\Geodatabases\GE_2023.gdb\MB_EM_py2022NOSC_VAs_draft "Input fields must match target fields" # # "EDNAMEEN = 'Thompson'"</Process><Process ToolSource="c:\program files\arcgis\pro\Resources\ArcToolbox\toolboxes\Data Management Tools.tbx\Append" Date="20220907" Time="150629">Append InsideED\VotingAreas_Rural_2023GE_Working M:\Data\Geodatabases\GE_2023.gdb\MB_EM_py2022NOSC_VAs_draft "Input fields must match target fields" # # "EDNAMEEN = 'Thompson'"</Process><Process ToolSource="c:\program files\arcgis\pro\Resources\ArcToolbox\toolboxes\Data Management Tools.tbx\Append" Date="20220907" Time="151545">Append VotingAreas_Rural_2023GE_Working M:\Data\Geodatabases\GE_2023.gdb\MB_EM_py2022NOSC_VAs_draft "Input fields must match target fields" # # "EDNAMEEN = 'Thompson'"</Process><Process ToolSource="c:\program files\arcgis\pro\Resources\ArcToolbox\toolboxes\Data Management Tools.tbx\Append" Date="20220907" Time="152501">Append VotingAreas_Rural_2023Working M:\Data\Geodatabases\GE_2023.gdb\MB_EM_py2022NOSC_VAs_draft "Input fields must match target fields" # # "EDNUM IN (311, 317, 350, 349)"</Process><Process ToolSource="c:\program files\arcgis\pro\Resources\ArcToolbox\toolboxes\Data Management Tools.tbx\Append" Date="20220907" Time="154608">Append M:\Data\Topography\Working\Andrew\GE2023_GISDataPrep\Default.gdb\VotingAreas_Rural_2023Working M:\Data\Geodatabases\GE_2023.gdb\MB_EM_py2022NOSC_VAs_draft "Use the field map to reconcile field differences" "EDNUM "EDNUM" true false false 4 Long 0 0,First,#,M:\Data\Topography\Working\Andrew\GE2023_GISDataPrep\Default.gdb\VotingAreas_Rural_2023Working,EDNUM,-1,-1;EDNAMEEN "EDNAMEEN" true false false 50 Text 0 0,First,#,M:\Data\Topography\Working\Andrew\GE2023_GISDataPrep\Default.gdb\VotingAreas_Rural_2023Working,EDNAMEEN,0,50;EDNAMEFR "EDNAMEFR" true false false 50 Text 0 0,First,#,M:\Data\Topography\Working\Andrew\GE2023_GISDataPrep\Default.gdb\VotingAreas_Rural_2023Working,EDNAMEFR,0,50;Inset "Inset" true false false 4 Long 0 0,First,#,M:\Data\Topography\Working\Andrew\GE2023_GISDataPrep\Default.gdb\VotingAreas_Rural_2023Working,Inset,-1,-1;VANUM "VANUM" true false false 4 Long 0 0,First,#,M:\Data\Topography\Working\Andrew\GE2023_GISDataPrep\Default.gdb\VotingAreas_Rural_2023Working,VANUM,-1,-1;VALABEL "VALABEL" true false false 50 Text 0 0,First,#,M:\Data\Topography\Working\Andrew\GE2023_GISDataPrep\Default.gdb\VotingAreas_Rural_2023Working,VALABEL,0,50;VPNAME "VPNAME" true false false 50 Text 0 0,First,#,M:\Data\Topography\Working\Andrew\GE2023_GISDataPrep\Default.gdb\VotingAreas_Rural_2023Working,VPNAME,0,50;VPID "VPID" true false false 4 Long 0 0,First,#,M:\Data\Topography\Working\Andrew\GE2023_GISDataPrep\Default.gdb\VotingAreas_Rural_2023Working,VPID,-1,-1;VPADDR "VPADDR" true false false 50 Text 0 0,First,#,M:\Data\Topography\Working\Andrew\GE2023_GISDataPrep\Default.gdb\VotingAreas_Rural_2023Working,VPADDR,0,50;VOTERS "VOTERS" true false false 4 Long 0 0,First,#,M:\Data\Topography\Working\Andrew\GE2023_GISDataPrep\Default.gdb\VotingAreas_Rural_2023Working,VOTERS,-1,-1;DWELLCT "DWELLCT" true false false 4 Long 0 0,First,#,M:\Data\Topography\Working\Andrew\GE2023_GISDataPrep\Default.gdb\VotingAreas_Rural_2023Working,DWELLCT,-1,-1" # #</Process><Process ToolSource="c:\program files\arcgis\pro\Resources\ArcToolbox\toolboxes\Data Management Tools.tbx\Append" Date="20220907" Time="154650">Append M:\Data\Topography\Working\Andrew\GE2023_GISDataPrep\Default.gdb\VotingAreas_Rural_2023Working M:\Data\Geodatabases\GE_2023.gdb\MB_EM_py2022NOSC_VAs_draft "Use the field map to reconcile field differences" "EDNUM "EDNUM" true false false 4 Long 0 0,First,#,M:\Data\Topography\Working\Andrew\GE2023_GISDataPrep\Default.gdb\VotingAreas_Rural_2023Working,EDNUM,-1,-1;EDNAMEEN "EDNAMEEN" true false false 50 Text 0 0,First,#,M:\Data\Topography\Working\Andrew\GE2023_GISDataPrep\Default.gdb\VotingAreas_Rural_2023Working,EDNAMEEN,0,50;EDNAMEFR "EDNAMEFR" true false false 50 Text 0 0,First,#,M:\Data\Topography\Working\Andrew\GE2023_GISDataPrep\Default.gdb\VotingAreas_Rural_2023Working,EDNAMEFR,0,50;Inset "Inset" true false false 4 Long 0 0,First,#,M:\Data\Topography\Working\Andrew\GE2023_GISDataPrep\Default.gdb\VotingAreas_Rural_2023Working,Inset,-1,-1;VANUM "VANUM" true false false 4 Long 0 0,First,#,M:\Data\Topography\Working\Andrew\GE2023_GISDataPrep\Default.gdb\VotingAreas_Rural_2023Working,VANUM,-1,-1;VALABEL "VALABEL" true false false 50 Text 0 0,First,#,M:\Data\Topography\Working\Andrew\GE2023_GISDataPrep\Default.gdb\VotingAreas_Rural_2023Working,VALABEL,0,50;VPNAME "VPNAME" true false false 50 Text 0 0,First,#,M:\Data\Topography\Working\Andrew\GE2023_GISDataPrep\Default.gdb\VotingAreas_Rural_2023Working,VPNAME,0,50;VPID "VPID" true false false 4 Long 0 0,First,#,M:\Data\Topography\Working\Andrew\GE2023_GISDataPrep\Default.gdb\VotingAreas_Rural_2023Working,VPID,-1,-1;VPADDR "VPADDR" true false false 50 Text 0 0,First,#,M:\Data\Topography\Working\Andrew\GE2023_GISDataPrep\Default.gdb\VotingAreas_Rural_2023Working,VPADDR,0,50;VOTERS "VOTERS" true false false 4 Long 0 0,First,#,M:\Data\Topography\Working\Andrew\GE2023_GISDataPrep\Default.gdb\VotingAreas_Rural_2023Working,VOTERS,-1,-1;DWELLCT "DWELLCT" true false false 4 Long 0 0,First,#,M:\Data\Topography\Working\Andrew\GE2023_GISDataPrep\Default.gdb\VotingAreas_Rural_2023Working,DWELLCT,-1,-1" # "EDNAMEEN IN ('Flin Flon', 'The Pas-Kameesak', 'Keewatinook', 'Thompson')"</Process><Process ToolSource="c:\program files\arcgis\pro\Resources\ArcToolbox\toolboxes\Data Management Tools.tbx\CalculateField" Date="20220907" Time="154937">CalculateField "InsideED\Voting Area  /  Section de vote" EDNUM "150" "Python 3" # Text NO_ENFORCE_DOMAINS</Process><Process ToolSource="c:\program files\arcgis\pro\Resources\ArcToolbox\toolboxes\Data Management Tools.tbx\Append" Date="20220907" Time="160424">Append MB_EM_py2022NOSC_VAs_draft_backup M:\Data\Geodatabases\GE_2023.gdb\MB_EM_py2022NOSC_VAs_draft "Input fields must match target fields" # # "EDNAMEEN = 'Keewatinook'"</Process><Process ToolSource="c:\program files\arcgis\pro\Resources\ArcToolbox\toolboxes\Data Management Tools.tbx\Append" Date="20220915" Time="150921">Append MB_EM_py2022NOSC_VAs_draft_backup M:\Data\Geodatabases\GE_2023.gdb\MB_EM_py2022NOSC_VAs_draft "Use the field map to reconcile field differences" "EDNUM "EDNUM" true false false 4 Long 0 0,First,#,M:\Data\Geodatabases\GE_2023.gdb\MB_EM_py2022NOSC_VAs_draft_backup,EDNUM,-1,-1;EDNAMEEN "EDNAMEEN" true false false 50 Text 0 0,First,#,M:\Data\Geodatabases\GE_2023.gdb\MB_EM_py2022NOSC_VAs_draft_backup,EDNAMEEN,0,50;EDNAMEFR "EDNAMEFR" true false false 50 Text 0 0,First,#,M:\Data\Geodatabases\GE_2023.gdb\MB_EM_py2022NOSC_VAs_draft_backup,EDNAMEFR,0,50;Inset "Inset" true false false 4 Long 0 0,First,#,M:\Data\Geodatabases\GE_2023.gdb\MB_EM_py2022NOSC_VAs_draft_backup,Inset,-1,-1;VANUM "VANUM" true false false 4 Long 0 0,First,#,M:\Data\Geodatabases\GE_2023.gdb\MB_EM_py2022NOSC_VAs_draft_backup,VANUM,-1,-1;VALABEL "VALABEL" true false false 50 Text 0 0,First,#,M:\Data\Geodatabases\GE_2023.gdb\MB_EM_py2022NOSC_VAs_draft_backup,VALABEL,0,50;VPNAME "VPNAME" true false false 50 Text 0 0,First,#,M:\Data\Geodatabases\GE_2023.gdb\MB_EM_py2022NOSC_VAs_draft_backup,VPNAME,0,50;VPID "VPID" true false false 4 Long 0 0,First,#,M:\Data\Geodatabases\GE_2023.gdb\MB_EM_py2022NOSC_VAs_draft_backup,VPID,-1,-1;VPADDR "VPADDR" true false false 50 Text 0 0,First,#,M:\Data\Geodatabases\GE_2023.gdb\MB_EM_py2022NOSC_VAs_draft_backup,VPADDR,0,50;VOTERS "VOTERS" true false false 4 Long 0 0,First,#,M:\Data\Geodatabases\GE_2023.gdb\MB_EM_py2022NOSC_VAs_draft_backup,VOTERS,-1,-1;DWELLCT "DWELLCT" true false false 4 Long 0 0,First,#,M:\Data\Geodatabases\GE_2023.gdb\MB_EM_py2022NOSC_VAs_draft_backup,DWELLCT,-1,-1" # "EDNAMEEN IN ('The Pas-Kameesak', 'Thompson', 'Flin Flon')"</Process><Process ToolSource="c:\program files\arcgis\pro\Resources\ArcToolbox\toolboxes\Data Management Tools.tbx\CalculateField" Date="20220915" Time="151025">CalculateField MB_EM_py2022NOSC_VAs_draft EDNUM "!EDNUM! - 200" "Python 3" # Text NO_ENFORCE_DOMAINS</Process><Process ToolSource="c:\program files\arcgis\pro\Resources\ArcToolbox\toolboxes\Data Management Tools.tbx\CalculateField" Date="20220916" Time="160628">CalculateField MB_EM_py2022NOSC_VAs_draft VANUM "!VANUM! + 3" "Python 3" # Text NO_ENFORCE_DOMAINS</Process><Process ToolSource="c:\program files\arcgis\pro\Resources\ArcToolbox\toolboxes\Data Management Tools.tbx\CalculateField" Date="20220916" Time="160640">CalculateField MB_EM_py2022NOSC_VAs_draft VALABEL !VANUM! "Python 3" # Text NO_ENFORCE_DOMAINS</Process><Process ToolSource="c:\program files\arcgis\pro\Resources\ArcToolbox\toolboxes\Data Management Tools.tbx\Append" Date="20220921" Time="143240">Append VotingAreas_Rural_2023Working M:\Data\Geodatabases\GE_2023.gdb\MB_EM_py2022NOSC_VAs_draft "Use the field map to reconcile field differences" "EDNUM "EDNUM" true false false 4 Long 0 0,First,#,M:\Data\Topography\Working\Andrew\GE2023_GISDataPrep\Default.gdb\VotingAreas_Rural_2023Working,EDNUM,-1,-1;EDNAMEEN "EDNAMEEN" true false false 50 Text 0 0,First,#,M:\Data\Topography\Working\Andrew\GE2023_GISDataPrep\Default.gdb\VotingAreas_Rural_2023Working,EDNAMEEN,0,50;EDNAMEFR "EDNAMEFR" true false false 50 Text 0 0,First,#,M:\Data\Topography\Working\Andrew\GE2023_GISDataPrep\Default.gdb\VotingAreas_Rural_2023Working,EDNAMEFR,0,50;Inset "Inset" true false false 4 Long 0 0,First,#,M:\Data\Topography\Working\Andrew\GE2023_GISDataPrep\Default.gdb\VotingAreas_Rural_2023Working,Inset,-1,-1;VANUM "VANUM" true false false 4 Long 0 0,First,#,M:\Data\Topography\Working\Andrew\GE2023_GISDataPrep\Default.gdb\VotingAreas_Rural_2023Working,VANUM,-1,-1;VALABEL "VALABEL" true false false 50 Text 0 0,First,#,M:\Data\Topography\Working\Andrew\GE2023_GISDataPrep\Default.gdb\VotingAreas_Rural_2023Working,VALABEL,0,50;VPNAME "VPNAME" true false false 50 Text 0 0,First,#,M:\Data\Topography\Working\Andrew\GE2023_GISDataPrep\Default.gdb\VotingAreas_Rural_2023Working,VPNAME,0,50;VPID "VPID" true false false 4 Long 0 0,First,#,M:\Data\Topography\Working\Andrew\GE2023_GISDataPrep\Default.gdb\VotingAreas_Rural_2023Working,VPID,-1,-1;VPADDR "VPADDR" true false false 50 Text 0 0,First,#,M:\Data\Topography\Working\Andrew\GE2023_GISDataPrep\Default.gdb\VotingAreas_Rural_2023Working,VPADDR,0,50;VOTERS "VOTERS" true false false 4 Long 0 0,First,#,M:\Data\Topography\Working\Andrew\GE2023_GISDataPrep\Default.gdb\VotingAreas_Rural_2023Working,VOTERS,-1,-1;DWELLCT "DWELLCT" true false false 4 Long 0 0,First,#,M:\Data\Topography\Working\Andrew\GE2023_GISDataPrep\Default.gdb\VotingAreas_Rural_2023Working,DWELLCT,-1,-1" # "EDNAMEEN NOT IN ('The Pas-Kameesak', 'Flin Flon', 'Keewatinook', 'Thompson','Portage la Prairie')"</Process><Process ToolSource="c:\program files\arcgis\pro\Resources\ArcToolbox\toolboxes\Data Management Tools.tbx\Append" Date="20220921" Time="193204">Append VotingAreas_Rural_2023Working M:\Data\Geodatabases\GE_2023.gdb\MB_EM_py2022NOSC_VAs_draft "Use the field map to reconcile field differences" "EDNUM "EDNUM" true false false 4 Long 0 0,First,#,M:\Data\Topography\Working\Andrew\GE2023_GISDataPrep\Default.gdb\VotingAreas_Rural_2023Working,EDNUM,-1,-1;EDNAMEEN "EDNAMEEN" true false false 50 Text 0 0,First,#,M:\Data\Topography\Working\Andrew\GE2023_GISDataPrep\Default.gdb\VotingAreas_Rural_2023Working,EDNAMEEN,0,50;EDNAMEFR "EDNAMEFR" true false false 50 Text 0 0,First,#,M:\Data\Topography\Working\Andrew\GE2023_GISDataPrep\Default.gdb\VotingAreas_Rural_2023Working,EDNAMEFR,0,50;Inset "Inset" true false false 4 Long 0 0,First,#,M:\Data\Topography\Working\Andrew\GE2023_GISDataPrep\Default.gdb\VotingAreas_Rural_2023Working,Inset,-1,-1;VANUM "VANUM" true false false 4 Long 0 0,First,#,M:\Data\Topography\Working\Andrew\GE2023_GISDataPrep\Default.gdb\VotingAreas_Rural_2023Working,VANUM,-1,-1;VALABEL "VALABEL" true false false 50 Text 0 0,First,#,M:\Data\Topography\Working\Andrew\GE2023_GISDataPrep\Default.gdb\VotingAreas_Rural_2023Working,VALABEL,0,50;VPNAME "VPNAME" true false false 50 Text 0 0,First,#,M:\Data\Topography\Working\Andrew\GE2023_GISDataPrep\Default.gdb\VotingAreas_Rural_2023Working,VPNAME,0,50;VPID "VPID" true false false 4 Long 0 0,First,#,M:\Data\Topography\Working\Andrew\GE2023_GISDataPrep\Default.gdb\VotingAreas_Rural_2023Working,VPID,-1,-1;VPADDR "VPADDR" true false false 50 Text 0 0,First,#,M:\Data\Topography\Working\Andrew\GE2023_GISDataPrep\Default.gdb\VotingAreas_Rural_2023Working,VPADDR,0,50;VOTERS "VOTERS" true false false 4 Long 0 0,First,#,M:\Data\Topography\Working\Andrew\GE2023_GISDataPrep\Default.gdb\VotingAreas_Rural_2023Working,VOTERS,-1,-1;DWELLCT "DWELLCT" true false false 4 Long 0 0,First,#,M:\Data\Topography\Working\Andrew\GE2023_GISDataPrep\Default.gdb\VotingAreas_Rural_2023Working,DWELLCT,-1,-1" # "EDNAMEEN = 'Portage la Prairie'"</Process><Process ToolSource="c:\program files\arcgis\pro\Resources\ArcToolbox\toolboxes\Data Management Tools.tbx\Append" Date="20220922" Time="130939">Append VotingAreas_Rural_2023Working M:\Data\Geodatabases\GE_2023.gdb\MB_EM_py2022NOSC_VAs_draft "Use the field map to reconcile field differences" "EDNUM "EDNUM" true false false 4 Long 0 0,First,#,M:\Data\Topography\Working\Andrew\GE2023_GISDataPrep\Default.gdb\VotingAreas_Rural_2023Working,EDNUM,-1,-1;EDNAMEEN "EDNAMEEN" true false false 50 Text 0 0,First,#,M:\Data\Topography\Working\Andrew\GE2023_GISDataPrep\Default.gdb\VotingAreas_Rural_2023Working,EDNAMEEN,0,50;EDNAMEFR "EDNAMEFR" true false false 50 Text 0 0,First,#,M:\Data\Topography\Working\Andrew\GE2023_GISDataPrep\Default.gdb\VotingAreas_Rural_2023Working,EDNAMEFR,0,50;Inset "Inset" true false false 4 Long 0 0,First,#,M:\Data\Topography\Working\Andrew\GE2023_GISDataPrep\Default.gdb\VotingAreas_Rural_2023Working,Inset,-1,-1;VANUM "VANUM" true false false 4 Long 0 0,First,#,M:\Data\Topography\Working\Andrew\GE2023_GISDataPrep\Default.gdb\VotingAreas_Rural_2023Working,VANUM,-1,-1;VALABEL "VALABEL" true false false 50 Text 0 0,First,#,M:\Data\Topography\Working\Andrew\GE2023_GISDataPrep\Default.gdb\VotingAreas_Rural_2023Working,VALABEL,0,50;VPNAME "VPNAME" true false false 50 Text 0 0,First,#,M:\Data\Topography\Working\Andrew\GE2023_GISDataPrep\Default.gdb\VotingAreas_Rural_2023Working,VPNAME,0,50;VPID "VPID" true false false 4 Long 0 0,First,#,M:\Data\Topography\Working\Andrew\GE2023_GISDataPrep\Default.gdb\VotingAreas_Rural_2023Working,VPID,-1,-1;VPADDR "VPADDR" true false false 50 Text 0 0,First,#,M:\Data\Topography\Working\Andrew\GE2023_GISDataPrep\Default.gdb\VotingAreas_Rural_2023Working,VPADDR,0,50;VOTERS "VOTERS" true false false 4 Long 0 0,First,#,M:\Data\Topography\Working\Andrew\GE2023_GISDataPrep\Default.gdb\VotingAreas_Rural_2023Working,VOTERS,-1,-1;DWELLCT "DWELLCT" true false false 4 Long 0 0,First,#,M:\Data\Topography\Working\Andrew\GE2023_GISDataPrep\Default.gdb\VotingAreas_Rural_2023Working,DWELLCT,-1,-1" # "EDNAMEEN IN ('La Vérendrye', 'Steinbach')"</Process><Process ToolSource="c:\program files\arcgis\pro\Resources\ArcToolbox\toolboxes\Data Management Tools.tbx\Append" Date="20220923" Time="083206">Append VotingAreas_new_2023GE_Working M:\Data\Geodatabases\GE_2023.gdb\MB_EM_py2022NOSC_VAs_draft "Use the field map to reconcile field differences" "EDNUM "EDNUM" true false false 4 Long 0 0,First,#,M:\Data\Topography\Working\Andrew\GE2023_GISDataPrep\Default.gdb\VotingAreas_new_2023GE_Working,EDNUM,-1,-1;EDNAMEEN "EDNAMEEN" true false false 50 Text 0 0,First,#,M:\Data\Topography\Working\Andrew\GE2023_GISDataPrep\Default.gdb\VotingAreas_new_2023GE_Working,EDNAMEEN,0,50;EDNAMEFR "EDNAMEFR" true false false 50 Text 0 0,First,#,M:\Data\Topography\Working\Andrew\GE2023_GISDataPrep\Default.gdb\VotingAreas_new_2023GE_Working,EDNAMEFR,0,50;Inset "Inset" true false false 4 Long 0 0,First,#,M:\Data\Topography\Working\Andrew\GE2023_GISDataPrep\Default.gdb\VotingAreas_new_2023GE_Working,Inset,-1,-1;VANUM "VANUM" true false false 4 Long 0 0,First,#,M:\Data\Topography\Working\Andrew\GE2023_GISDataPrep\Default.gdb\VotingAreas_new_2023GE_Working,VANUM,-1,-1;VALABEL "VALABEL" true false false 50 Text 0 0,First,#,M:\Data\Topography\Working\Andrew\GE2023_GISDataPrep\Default.gdb\VotingAreas_new_2023GE_Working,VALABEL,0,50;VPNAME "VPNAME" true false false 50 Text 0 0,First,#,M:\Data\Topography\Working\Andrew\GE2023_GISDataPrep\Default.gdb\VotingAreas_new_2023GE_Working,VPNAME,0,50;VPID "VPID" true false false 4 Long 0 0,First,#,M:\Data\Topography\Working\Andrew\GE2023_GISDataPrep\Default.gdb\VotingAreas_new_2023GE_Working,VPID,-1,-1;VPADDR "VPADDR" true false false 50 Text 0 0,First,#,M:\Data\Topography\Working\Andrew\GE2023_GISDataPrep\Default.gdb\VotingAreas_new_2023GE_Working,VPADDR,0,50;VOTERS "VOTERS" true false false 4 Long 0 0,First,#,M:\Data\Topography\Working\Andrew\GE2023_GISDataPrep\Default.gdb\VotingAreas_new_2023GE_Working,VOTERS,-1,-1;DWELLCT "DWELLCT" true false false 4 Long 0 0,First,#,M:\Data\Topography\Working\Andrew\GE2023_GISDataPrep\Default.gdb\VotingAreas_new_2023GE_Working,DWELLCT,-1,-1" # #</Process><Process ToolSource="c:\program files\arcgis\pro\Resources\ArcToolbox\toolboxes\Data Management Tools.tbx\CalculateField" Date="20220923" Time="083317">CalculateField MB_EM_py2022NOSC_VAs_draft EDNUM "!EDNUM! - 200" "Python 3" # Text NO_ENFORCE_DOMAINS</Process><Process ToolSource="c:\program files\arcgis\pro\Resources\ArcToolbox\toolboxes\Data Management Tools.tbx\UpdateSchema" Date="20221006" Time="110524">UpdateSchema "CIMDATA=&lt;CIMStandardDataConnection xsi:type='typens:CIMStandardDataConnection' xmlns:xsi='http://www.w3.org/2001/XMLSchema-instance' xmlns:xs='http://www.w3.org/2001/XMLSchema' xmlns:typens='http://www.esri.com/schemas/ArcGIS/2.9.0'&gt;&lt;WorkspaceConnectionString&gt;DATABASE=M:\Data\Geodatabases\GE_2023.gdb&lt;/WorkspaceConnectionString&gt;&lt;WorkspaceFactory&gt;FileGDB&lt;/WorkspaceFactory&gt;&lt;Dataset&gt;MB_EM_py2022NOSC_VAs_draft&lt;/Dataset&gt;&lt;DatasetType&gt;esriDTFeatureClass&lt;/DatasetType&gt;&lt;/CIMStandardDataConnection&gt;" &lt;operationSequence&gt;&lt;workflow&gt;&lt;AddField&gt;&lt;field_name&gt;VANUMstring&lt;/field_name&gt;&lt;field_type&gt;TEXT&lt;/field_type&gt;&lt;field_length&gt;10&lt;/field_length&gt;&lt;field_alias&gt;VANUMstring&lt;/field_alias&gt;&lt;field_is_nullable&gt;True&lt;/field_is_nullable&gt;&lt;field_is_required&gt;False&lt;/field_is_required&gt;&lt;/AddField&gt;&lt;/workflow&gt;&lt;/operationSequence&gt;</Process><Process ToolSource="c:\program files\arcgis\pro\Resources\ArcToolbox\toolboxes\Data Management Tools.tbx\CalculateField" Date="20221006" Time="110625">CalculateField "InsideED\Voting Area  /  Section de vote" VANUMstring !VANUM! "Python 3" # Text NO_ENFORCE_DOMAINS</Process><Process ToolSource="c:\program files\arcgis\pro\Resources\ArcToolbox\toolboxes\Data Management Tools.tbx\DeleteField" Date="20221006" Time="111350">DeleteField "InsideED\Voting Area  /  Section de vote" VANUMstring "Delete Fields"</Process><Process ToolSource="c:\program files\arcgis\pro\Resources\ArcToolbox\toolboxes\Data Management Tools.tbx\CalculateField" Date="20221209" Time="100856">CalculateField "InsideED\Voting Area  /  Section de vote" VANUM "!VANUM! + 1" "Python 3" # Text NO_ENFORCE_DOMAINS</Process><Process ToolSource="c:\program files\arcgis\pro\Resources\ArcToolbox\toolboxes\Data Management Tools.tbx\CalculateField" Date="20221209" Time="100925">CalculateField "InsideED\Voting Area  /  Section de vote" VALABEL !VANUM! "Python 3" # Text NO_ENFORCE_DOMAINS</Process><Process ToolSource="c:\program files\arcgis\pro\Resources\ArcToolbox\toolboxes\Data Management Tools.tbx\CalculateField" Date="20221215" Time="092522">CalculateField "InsideED\Voting Area  /  Section de vote" VANUM "!VANUM! + 1" "Python 3" # Text NO_ENFORCE_DOMAINS</Process><Process ToolSource="c:\program files\arcgis\pro\Resources\ArcToolbox\toolboxes\Data Management Tools.tbx\CalculateField" Date="20221215" Time="092531">CalculateField "InsideED\Voting Area  /  Section de vote" VALABEL !VANUM! "Python 3" # Text NO_ENFORCE_DOMAINS</Process><Process ToolSource="c:\program files\arcgis\pro\Resources\ArcToolbox\toolboxes\Data Management Tools.tbx\CalculateField" Date="20230104" Time="151903">CalculateField "InsideED\Voting Area  /  Section de vote" VANUM "!VANUM! + 1" "Python 3" # Text NO_ENFORCE_DOMAINS</Process><Process ToolSource="c:\program files\arcgis\pro\Resources\ArcToolbox\toolboxes\Data Management Tools.tbx\CalculateField" Date="20230104" Time="151917">CalculateField "InsideED\Voting Area  /  Section de vote" VALABEL !VANUM! "Python 3" # Text NO_ENFORCE_DOMAINS</Process><Process ToolSource="c:\program files\arcgis\pro\Resources\ArcToolbox\toolboxes\Data Management Tools.tbx\CalculateField" Date="20230117" Time="162410">CalculateField MB_EM_py2022NOSC_VAs_draft VANUM "!VANUM! + 1" "Python 3" # Text NO_ENFORCE_DOMAINS</Process><Process ToolSource="c:\program files\arcgis\pro\Resources\ArcToolbox\toolboxes\Data Management Tools.tbx\CalculateField" Date="20230117" Time="162455">CalculateField MB_EM_py2022NOSC_VAs_draft VALABEL !VANUM! "Python 3" # Text NO_ENFORCE_DOMAINS</Process><Process ToolSource="c:\program files\arcgis\pro\Resources\ArcToolbox\toolboxes\Data Management Tools.tbx\CalculateField" Date="20230118" Time="084303">CalculateField MB_EM_py2022NOSC_VAs_draft VANUM "!VANUM! + 2" "Python 3" # Text NO_ENFORCE_DOMAINS</Process><Process ToolSource="c:\program files\arcgis\pro\Resources\ArcToolbox\toolboxes\Data Management Tools.tbx\CalculateField" Date="20230118" Time="090203">CalculateField MB_EM_py2022NOSC_VAs_draft VANUM "!VANUM! - 1" "Python 3" # Text NO_ENFORCE_DOMAINS</Process><Process ToolSource="c:\program files\arcgis\pro\Resources\ArcToolbox\toolboxes\Data Management Tools.tbx\CalculateField" Date="20230118" Time="090447">CalculateField MB_EM_py2022NOSC_VAs_draft VALABEL !VANUM! "Python 3" # Text NO_ENFORCE_DOMAINS</Process><Process ToolSource="c:\program files\arcgis\pro\Resources\ArcToolbox\toolboxes\Data Management Tools.tbx\CalculateField" Date="20230118" Time="155443">CalculateField MB_EM_py2022NOSC_VAs_draft VANUM "!VANUM! + 1" "Python 3" # Text NO_ENFORCE_DOMAINS</Process><Process ToolSource="c:\program files\arcgis\pro\Resources\ArcToolbox\toolboxes\Data Management Tools.tbx\CalculateField" Date="20230118" Time="155651">CalculateField MB_EM_py2022NOSC_VAs_draft VALABEL !VANUM! "Python 3" # Text NO_ENFORCE_DOMAINS</Process><Process ToolSource="c:\program files\arcgis\pro\Resources\ArcToolbox\toolboxes\Data Management Tools.tbx\CalculateField" Date="20230118" Time="161743">CalculateField MB_EM_py2022NOSC_VAs_draft VANUM "!VANUM! + 1" "Python 3" # Text NO_ENFORCE_DOMAINS</Process><Process ToolSource="c:\program files\arcgis\pro\Resources\ArcToolbox\toolboxes\Data Management Tools.tbx\CalculateField" Date="20230131" Time="102213">CalculateField MB_EM_py2022NOSC_VAs_draft VANUM "!VANUM! + 1" "Python 3" # Text NO_ENFORCE_DOMAINS</Process><Process ToolSource="c:\program files\arcgis\pro\Resources\ArcToolbox\toolboxes\Data Management Tools.tbx\CalculateField" Date="20230131" Time="102229">CalculateField MB_EM_py2022NOSC_VAs_draft VALABEL !VANUM! "Python 3" # Text NO_ENFORCE_DOMAINS</Process><Process ToolSource="c:\program files\arcgis\pro\Resources\ArcToolbox\toolboxes\Conversion Tools.tbx\FeatureClassToFeatureClass" Date="20230501" Time="091845">FeatureClassToFeatureClass MB_EM_py2022NOSC_VAs_draft M:\Data\Topography\Boundaries\VAs\EM\2023 VA_MB2023.shp # "EDNUM "EDNUM" true true false 4 Long 0 0,First,#,MB_EM_py2022NOSC_VAs_draft,EDNUM,-1,-1;EDNAMEEN "EDNAMEEN" true true false 50 Text 0 0,First,#,MB_EM_py2022NOSC_VAs_draft,EDNAMEEN,0,50;EDNAMEFR "EDNAMEFR" true true false 50 Text 0 0,First,#,MB_EM_py2022NOSC_VAs_draft,EDNAMEFR,0,50;Inset "Inset" true true false 4 Long 0 0,First,#,MB_EM_py2022NOSC_VAs_draft,Inset,-1,-1;VANUM "VANUM" true true false 4 Long 0 0,First,#,MB_EM_py2022NOSC_VAs_draft,VANUM,-1,-1;VALABEL "VALABEL" true true false 50 Text 0 0,First,#,MB_EM_py2022NOSC_VAs_draft,VALABEL,0,50;VPNAME "VPNAME" true true false 50 Text 0 0,First,#,MB_EM_py2022NOSC_VAs_draft,VPNAME,0,50;VPID "VPID" true true false 4 Long 0 0,First,#,MB_EM_py2022NOSC_VAs_draft,VPID,-1,-1;VPADDR "VPADDR" true true false 50 Text 0 0,First,#,MB_EM_py2022NOSC_VAs_draft,VPADDR,0,50;VOTERS "VOTERS" true true false 4 Long 0 0,First,#,MB_EM_py2022NOSC_VAs_draft,VOTERS,-1,-1;DWELLCT "DWELLCT" true true false 4 Long 0 0,First,#,MB_EM_py2022NOSC_VAs_draft,DWELLCT,-1,-1" #</Process><Process ToolSource="c:\program files\arcgis\pro\Resources\ArcToolbox\toolboxes\Data Management Tools.tbx\UpdateSchema" Date="20230501" Time="092713">UpdateSchema "CIMDATA=&lt;CIMStandardDataConnection xsi:type='typens:CIMStandardDataConnection' xmlns:xsi='http://www.w3.org/2001/XMLSchema-instance' xmlns:xs='http://www.w3.org/2001/XMLSchema' xmlns:typens='http://www.esri.com/schemas/ArcGIS/2.8.0'&gt;&lt;WorkspaceConnectionString&gt;DATABASE=M:\Data\Topography\Boundaries\VAs\EM\2023&lt;/WorkspaceConnectionString&gt;&lt;WorkspaceFactory&gt;Shapefile&lt;/WorkspaceFactory&gt;&lt;Dataset&gt;VA_MB2023&lt;/Dataset&gt;&lt;DatasetType&gt;esriDTFeatureClass&lt;/DatasetType&gt;&lt;/CIMStandardDataConnection&gt;" &lt;operationSequence&gt;&lt;workflow&gt;&lt;AddField&gt;&lt;field_name&gt;VANUMBER&lt;/field_name&gt;&lt;field_type&gt;TEXT&lt;/field_type&gt;&lt;field_length&gt;10&lt;/field_length&gt;&lt;field_is_nullable&gt;False&lt;/field_is_nullable&gt;&lt;field_is_required&gt;False&lt;/field_is_required&gt;&lt;/AddField&gt;&lt;/workflow&gt;&lt;/operationSequence&gt;</Process><Process ToolSource="c:\program files\arcgis\pro\Resources\ArcToolbox\toolboxes\Data Management Tools.tbx\CalculateField" Date="20230501" Time="092744">CalculateField VA_MB2023 VANUMBER !VANUM! "Python 3" # Text NO_ENFORCE_DOMAINS</Process><Process ToolSource="c:\program files\arcgis\pro\Resources\ArcToolbox\toolboxes\Conversion Tools.tbx\FeatureClassToFeatureClass" Date="20230501" Time="101205">FeatureClassToFeatureClass VA_MB2023 M:\Data\Topography\Boundaries\VAs\EM\2023 VA_MB2023_public.shp # "EDNUM "EDNUM" true true false 10 Long 0 10,First,#,VA_MB2023,EDNUM,-1,-1;EDNAMEEN "EDNAMEEN" true true false 50 Text 0 0,First,#,VA_MB2023,EDNAMEEN,0,50;EDNAMEFR "EDNAMEFR" true true false 50 Text 0 0,First,#,VA_MB2023,EDNAMEFR,0,50;VANUM "VANUM" true true false 10 Text 0 0,First,#,VA_MB2023,VANUMBER,0,10" #</Process></lineage><itemProps><itemName Sync="TRUE">VA_MB2023_public</itemName><imsContentType Sync="TRUE">002</imsContentType><itemSize Sync="TRUE">0.000</itemSize><itemLocation><linkage Sync="TRUE">file://\\EM-FILESHARE\GIS\Data\Topography\Boundaries\VAs\EM\2023\VA_MB2023_public.shp</linkage><protocol Sync="TRUE">Local Area Network</protocol></itemLocation></itemProps><coordRef><type Sync="TRUE">Projected</type><geogcsn Sync="TRUE">GCS_North_American_1983</geogcsn><csUnits Sync="TRUE">Linear Unit: Meter (1.000000)</csUnits><projcsn Sync="TRUE">NAD_1983_UTM_Zone_14N</projcsn><peXml Sync="TRUE">&lt;ProjectedCoordinateSystem xsi:type='typens:ProjectedCoordinateSystem' xmlns:xsi='http://www.w3.org/2001/XMLSchema-instance' xmlns:xs='http://www.w3.org/2001/XMLSchema' xmlns:typens='http://www.esri.com/schemas/ArcGIS/2.8.0'&gt;&lt;WKT&gt;PROJCS[&amp;quot;NAD_1983_UTM_Zone_14N&amp;quot;,GEOGCS[&amp;quot;GCS_North_American_1983&amp;quot;,DATUM[&amp;quot;D_North_American_1983&amp;quot;,SPHEROID[&amp;quot;GRS_1980&amp;quot;,6378137.0,298.257222101]],PRIMEM[&amp;quot;Greenwich&amp;quot;,0.0],UNIT[&amp;quot;Degree&amp;quot;,0.0174532925199433]],PROJECTION[&amp;quot;Transverse_Mercator&amp;quot;],PARAMETER[&amp;quot;False_Easting&amp;quot;,500000.0],PARAMETER[&amp;quot;False_Northing&amp;quot;,0.0],PARAMETER[&amp;quot;Central_Meridian&amp;quot;,-99.0],PARAMETER[&amp;quot;Scale_Factor&amp;quot;,0.9996],PARAMETER[&amp;quot;Latitude_Of_Origin&amp;quot;,0.0],UNIT[&amp;quot;Meter&amp;quot;,1.0],AUTHORITY[&amp;quot;EPSG&amp;quot;,26914]]&lt;/WKT&gt;&lt;XOrigin&gt;-5120900&lt;/XOrigin&gt;&lt;YOrigin&gt;-9998100&lt;/YOrigin&gt;&lt;XYScale&gt;450445547.3910538&lt;/XYScale&gt;&lt;ZOrigin&gt;-100000&lt;/ZOrigin&gt;&lt;ZScale&gt;10000&lt;/ZScale&gt;&lt;MOrigin&gt;-100000&lt;/MOrigin&gt;&lt;MScale&gt;10000&lt;/MScale&gt;&lt;XYTolerance&gt;0.001&lt;/XYTolerance&gt;&lt;ZTolerance&gt;0.001&lt;/ZTolerance&gt;&lt;MTolerance&gt;0.001&lt;/MTolerance&gt;&lt;HighPrecision&gt;true&lt;/HighPrecision&gt;&lt;WKID&gt;26914&lt;/WKID&gt;&lt;LatestWKID&gt;26914&lt;/LatestWKID&gt;&lt;/ProjectedCoordinateSystem&gt;</peXml></coordRef></DataProperties><scaleRange><minScale>150000000</minScale><maxScale>5000</maxScale></scaleRange><ArcGISProfile>ItemDescription</ArcGISProfile><SyncDate>20230501</SyncDate><SyncTime>10120400</SyncTime><ModDate>20230501</ModDate><ModTime>10120400</ModTime></Esri><dataIdInfo><idPurp>This dataset symbolizes the voting areas for the 2023 Manitoba General Election in their draft form. This is the product of the VA redistricting process, with the intention of being used in the draft maps for the mapping assignment. Once the mapping assignment is complete, VAs will be finalized a new feature class will be created with the voting areas in their final form for the 2023 election.

Current Status
Aug 08, 2022 The voting areas for all Winnipeg EDs have been created and added to the feature class. The VAs in Headingley (Roblin ED) and West St. Paul (McPhillips ED) still need to be redistricted and finalized. For now, the 2019 VAs are serving as placeholders and have a VANUM = 0. The VAs in this layer will be updated once rural redistricting has been completed.</idPurp><idCitation><resTitle>MB_EM_py2022NOSC_VAs_draft</resTitle><presForm><PresFormCd value="005" Sync="TRUE"></PresFormCd></presForm></idCitation><searchKeys><keyword>voting areas</keyword><keyword>2023</keyword><keyword>general election</keyword><keyword>draft</keyword></searchKeys><envirDesc Sync="TRUE">Microsoft Windows 10 Version 10.0 (Build 19044) ; Esri ArcGIS 12.8.3.29751</envirDesc><dataLang><languageCode value="eng" Sync="TRUE"></languageCode><countryCode value="USA" Sync="TRUE"></countryCode></dataLang><spatRpType><SpatRepTypCd value="001" Sync="TRUE"></SpatRepTypCd></spatRpType></dataIdInfo><mdHrLv><ScopeCd value="005"></ScopeCd></mdHrLv><mdDateSt Sync="TRUE">20230501</mdDateSt><mdLang><languageCode value="eng" Sync="TRUE"></languageCode><countryCode value="USA" Sync="TRUE"></countryCode></mdLang><distInfo><distFormat><formatName Sync="TRUE">Shapefile</formatName></distFormat><distTranOps><transSize Sync="TRUE">0.000</transSize></distTranOps></distInfo><mdHrLvName Sync="TRUE">dataset</mdHrLvName><refSysInfo><RefSystem><refSysID><identCode code="26914" Sync="TRUE"></identCode><idCodeSpace Sync="TRUE">EPSG</idCodeSpace><idVersion Sync="TRUE">6.11(3.0.1)</idVersion></refSysID></RefSystem></refSysInfo><spatRepInfo><VectSpatRep><geometObjs Name="VA_MB2023_public"><geoObjTyp><GeoObjTypCd value="002" Sync="TRUE"></GeoObjTypCd></geoObjTyp><geoObjCnt Sync="TRUE">0</geoObjCnt></geometObjs><topLvl><TopoLevCd value="001" Sync="TRUE"></TopoLevCd></topLvl></VectSpatRep></spatRepInfo><spdoinfo><ptvctinf><esriterm Name="VA_MB2023_public"><efeatyp Sync="TRUE">Simple</efeatyp><efeageom code="4" Sync="TRUE"></efeageom><esritopo Sync="TRUE">FALSE</esritopo><efeacnt Sync="TRUE">0</efeacnt><spindex Sync="TRUE">FALSE</spindex><linrefer Sync="TRUE">FALSE</linrefer></esriterm></ptvctinf></spdoinfo><eainfo><detailed Name="VA_MB2023_public"><enttyp><enttypl Sync="TRUE">VA_MB2023_public</enttypl><enttypt Sync="TRUE">Feature Class</enttypt><enttypc Sync="TRUE">0</enttypc></enttyp><attr><attrlabl Sync="TRUE">FID</attrlabl><attalias Sync="TRUE">FID</attalias><attrtype Sync="TRUE">OID</attrtype><attwidth Sync="TRUE">4</attwidth><atprecis Sync="TRUE">0</atprecis><attscale Sync="TRUE">0</attscale><attrdef Sync="TRUE">Internal feature number.</attrdef><attrdefs Sync="TRUE">Esri</attrdefs><attrdomv><udom Sync="TRUE">Sequential unique whole numbers that are automatically generated.</udom></attrdomv></attr><attr><attrlabl Sync="TRUE">Shape</attrlabl><attalias Sync="TRUE">Shape</attalias><attrtype Sync="TRUE">Geometry</attrtype><attwidth Sync="TRUE">0</attwidth><atprecis Sync="TRUE">0</atprecis><attscale Sync="TRUE">0</attscale><attrdef Sync="TRUE">Feature geometry.</attrdef><attrdefs Sync="TRUE">Esri</attrdefs><attrdomv><udom Sync="TRUE">Coordinates defining the features.</udom></attrdomv></attr><attr><attrlabl Sync="TRUE">EDNUM</attrlabl><attalias Sync="TRUE">EDNUM</attalias><attrtype Sync="TRUE">Integer</attrtype><attwidth Sync="TRUE">10</attwidth><atprecis Sync="TRUE">10</atprecis><attscale Sync="TRUE">0</attscale></attr><attr><attrlabl Sync="TRUE">EDNAMEEN</attrlabl><attalias Sync="TRUE">EDNAMEEN</attalias><attrtype Sync="TRUE">String</attrtype><attwidth Sync="TRUE">50</attwidth><atprecis Sync="TRUE">0</atprecis><attscale Sync="TRUE">0</attscale></attr><attr><attrlabl Sync="TRUE">EDNAMEFR</attrlabl><attalias Sync="TRUE">EDNAMEFR</attalias><attrtype Sync="TRUE">String</attrtype><attwidth Sync="TRUE">50</attwidth><atprecis Sync="TRUE">0</atprecis><attscale Sync="TRUE">0</attscale></attr><attr><attrlabl Sync="TRUE">VANUM</attrlabl><attalias Sync="TRUE">VANUM</attalias><attrtype Sync="TRUE">String</attrtype><attwidth Sync="TRUE">10</attwidth><atprecis Sync="TRUE">0</atprecis><attscale Sync="TRUE">0</attscale></attr></detailed></eainfo></metadata>
