<?xml version="1.0" encoding="UTF-8"?>
<metadata xml:lang="fr"><Esri><CreaDate>20220826</CreaDate><CreaTime>09190900</CreaTime><ArcGISFormat>1.0</ArcGISFormat><SyncOnce>TRUE</SyncOnce><DataProperties><itemProps><itemLocation><linkage Sync="TRUE">file://\\grapgroupes\groupes\CARTO\CARTES\Internet\Fichier_geometrie_Web\Circonscription_2022\Circonscription_2022_donnees_ouvertes\Shapefile\Circonscription_electorale_2022_shapefile</linkage><protocol Sync="TRUE">Local Area Network</protocol></itemLocation></itemProps><copyHistory><copy source="G:\CARTO\CARTES\Internet\Fichier_geometrie_Web\Circonscription_2022\Circonscription_2022_donnees_ouvertes\Circonscription_electorale_2022_shapefile" dest="\\grapgroupes\groupes\CARTO\CARTES\Internet\Fichier_geometrie_Web\Circonscription_2022\Circonscription_2022_donnees_ouvertes\Shapefile\Circonscription_electorale_2022_shapefile" date="20220826" time="09191600"></copy></copyHistory></DataProperties></Esri></metadata>
